startOfWeek,chickenOrder,fishOrder,saladOrder
2024-10-07,15,62,40
2024-09-02,18,49,52
2025-07-21,5,52,73
2025-03-03,5,117,14
2025-11-17,21,80,10
2025-04-21,20,67,31
2025-08-18,30,41,49
2024-07-08,9,43,69
2024-09-30,18,60,42
2024-10-21,25,74,30
2024-08-19,22,39,59
2025-02-17,0,130,9
2025-03-17,8,95,20
2025-10-20,30,71,25
2025-01-27,2,109,9
2025-09-01,29,50,39
2025-11-03,29,72,19
2024-01-08,44,62,14
2025-05-12,24,51,42
2025-07-28,6,46,69
